<?xml version="1.0" standalone="no"?>
<!--
  Copyright 1999-2004 The Apache Software Foundation

  Licensed under the Apache License, Version 2.0 (the "License");
  you may not use this file except in compliance with the License.
  You may obtain a copy of the License at

       http://www.apache.org/licenses/LICENSE-2.0

  Unless required by applicable law or agreed to in writing, software
  distributed under the License is distributed on an "AS IS" BASIS,
  WITHOUT WARRANTIES OR CONDITIONS OF ANY KIND, either express or implied.
  See the License for the specific language governing permissions and
  limitations under the License.
-->
<!-- $Id: PropNames-png.xml,v 1.3 2004/03/02 21:30:58 jeremias Exp $ -->
<!DOCTYPE document PUBLIC "-//APACHE//DTD Documentation V1.1//EN"
    "http://cvs.apache.org/viewcvs.cgi/*checkout*/xml-forrest/src/core/context/resources/schema/dtd/document-v12.dtd">

<document>
    <header>
        <title>..fo.PropNames diagram</title>
    <authors>
      <person id="pbw" name="Peter B. West"
        email="pbwest@powerup.com.au"/>
    </authors>
    </header>
    <body>
    <section>
      <title>PropNames.class</title>
      <figure src="images/design/alt.design/PropNames.png" alt="PropNames.class diagram"/>
    </section>
    </body>
</document>

